{
  "version": 1,
  "author": "Aziz Arif Rizaldi",
  "editor": "wokwi",
  "parts": [
    { "type": "wokwi-breadboard", "id": "bb1", "top": -41.4, "left": -35.6, "attrs": {} },
    { "type": "wokwi-arduino-uno", "id": "uno", "top": -47.4, "left": -317.4, "attrs": {} },
    {
      "type": "wokwi-resistor",
      "id": "r1",
      "top": 99.95,
      "left": -9.6,
      "attrs": { "value": "220" }
    },
    {
      "type": "wokwi-resistor",
      "id": "r2",
      "top": 99.95,
      "left": 57.6,
      "attrs": { "value": "220" }
    },
    {
      "type": "wokwi-resistor",
      "id": "r3",
      "top": 99.95,
      "left": 124.8,
      "attrs": { "value": "220" }
    },
    { "type": "wokwi-led", "id": "led1", "top": 54, "left": 23, "attrs": { "color": "red" } },
    { "type": "wokwi-led", "id": "led2", "top": 54, "left": 90.2, "attrs": { "color": "yellow" } },
    {
      "type": "wokwi-led",
      "id": "led3",
      "top": 54,
      "left": 157.4,
      "attrs": { "color": "limegreen" }
    },
    {
      "type": "wokwi-pushbutton-6mm",
      "id": "btn1",
      "top": 49,
      "left": 215.2,
      "rotate": 90,
      "attrs": { "color": "red" }
    },
    {
      "type": "wokwi-pushbutton-6mm",
      "id": "btn2",
      "top": 49,
      "left": 282.4,
      "rotate": 90,
      "attrs": { "color": "yellow" }
    },
    {
      "type": "wokwi-pushbutton-6mm",
      "id": "btn3",
      "top": 49,
      "left": 349.6,
      "rotate": 90,
      "attrs": { "color": "green" }
    },
    {
      "type": "wokwi-resistor",
      "id": "r4",
      "top": 13.55,
      "left": 182.4,
      "attrs": { "value": "10000" }
    },
    {
      "type": "wokwi-resistor",
      "id": "r5",
      "top": 13.55,
      "left": 249.6,
      "attrs": { "value": "10000" }
    },
    {
      "type": "wokwi-resistor",
      "id": "r6",
      "top": 13.55,
      "left": 316.8,
      "attrs": { "value": "10000" }
    }
  ],
  "connections": [
    [ "uno:GND.3", "bb1:bp.1", "black", [ "v28.7", "h168" ] ],
    [ "uno:5V", "bb1:bn.2", "red", [ "v47.9", "h196.6" ] ],
    [ "bb1:bp.4", "bb1:6b.j", "green", [ "v0" ] ],
    [ "bb1:bp.10", "bb1:13b.j", "green", [ "v0" ] ],
    [ "bb1:bp.15", "bb1:20b.j", "green", [ "v-10.5", "h8.8" ] ],
    [ "bb1:25b.g", "bb1:bn.20", "green", [ "v0" ] ],
    [ "bb1:32b.g", "bb1:bn.25", "green", [ "v0" ] ],
    [ "bb1:39b.g", "bb1:bn.31", "green", [ "v0" ] ],
    [ "bb1:bp.50", "bb1:tp.50", "green", [ "h85.6", "v-174" ] ],
    [ "bb1:21t.a", "bb1:tp.16", "green", [ "v0" ] ],
    [ "bb1:28t.a", "bb1:tp.22", "green", [ "v0" ] ],
    [ "bb1:35t.a", "bb1:tp.28", "green", [ "v0" ] ],
    [ "uno:10", "bb1:15b.h", "green", [ "h0.7", "v-48", "h288" ] ],
    [ "r1:1", "bb1:1b.i", "", [ "$bb" ] ],
    [ "r1:2", "bb1:7b.i", "", [ "$bb" ] ],
    [ "r2:1", "bb1:8b.i", "", [ "$bb" ] ],
    [ "r2:2", "bb1:14b.i", "", [ "$bb" ] ],
    [ "r3:1", "bb1:15b.i", "", [ "$bb" ] ],
    [ "r3:2", "bb1:21b.i", "", [ "$bb" ] ],
    [ "led1:A", "bb1:7b.h", "", [ "$bb" ] ],
    [ "led1:C", "bb1:6b.h", "", [ "$bb" ] ],
    [ "led3:A", "bb1:21b.h", "", [ "$bb" ] ],
    [ "led3:C", "bb1:20b.h", "", [ "$bb" ] ],
    [ "r4:1", "bb1:21t.b", "", [ "$bb" ] ],
    [ "r4:2", "bb1:27t.b", "", [ "$bb" ] ],
    [ "btn2:1.l", "bb1:34t.e", "", [ "$bb" ] ],
    [ "btn2:2.l", "bb1:32t.e", "", [ "$bb" ] ],
    [ "btn2:1.r", "bb1:34b.f", "", [ "$bb" ] ],
    [ "btn2:2.r", "bb1:32b.f", "", [ "$bb" ] ],
    [ "btn1:1.l", "bb1:27t.e", "", [ "$bb" ] ],
    [ "btn1:2.l", "bb1:25t.e", "", [ "$bb" ] ],
    [ "btn1:1.r", "bb1:27b.f", "", [ "$bb" ] ],
    [ "btn1:2.r", "bb1:25b.f", "", [ "$bb" ] ],
    [ "r5:1", "bb1:28t.b", "", [ "$bb" ] ],
    [ "r5:2", "bb1:34t.b", "", [ "$bb" ] ],
    [ "r6:1", "bb1:35t.b", "", [ "$bb" ] ],
    [ "r6:2", "bb1:41t.b", "", [ "$bb" ] ],
    [ "btn3:1.l", "bb1:41t.e", "", [ "$bb" ] ],
    [ "btn3:2.l", "bb1:39t.e", "", [ "$bb" ] ],
    [ "btn3:1.r", "bb1:41b.f", "", [ "$bb" ] ],
    [ "btn3:2.r", "bb1:39b.f", "", [ "$bb" ] ],
    [ "led2:A", "bb1:14b.h", "", [ "$bb" ] ],
    [ "led2:C", "bb1:13b.h", "", [ "$bb" ] ],
    [ "uno:11", "bb1:27t.a", "red", [ "v-57.6", "h413.4" ] ],
    [ "uno:12", "bb1:34t.a", "yellow", [ "v-67.2", "h490.1" ] ],
    [ "uno:13", "bb1:41t.a", "green", [ "v-76.8", "h566.8" ] ],
    [ "uno:8", "bb1:1b.h", "red", [ "h0.4", "v-19.2", "h134.4" ] ],
    [ "uno:9", "bb1:8b.h", "yellow", [ "v-28.8", "h212" ] ]
  ],
  "dependencies": {}
}