{
  "version": 1,
  "author": "Aziz Arif Rizaldi",
  "editor": "wokwi",
  "parts": [
    { "type": "wokwi-breadboard-half", "id": "bb1", "top": -22.2, "left": 214, "attrs": {} },
    { "type": "wokwi-arduino-uno", "id": "uno", "top": -18.6, "left": -77.4, "attrs": {} },
    {
      "type": "wokwi-resistor",
      "id": "r1",
      "top": 119.15,
      "left": 268.8,
      "attrs": { "value": "220" }
    },
    { "type": "wokwi-led", "id": "led2", "top": 73.2, "left": 301.4, "attrs": { "color": "red" } },
    { "type": "wokwi-potentiometer", "id": "pot1", "top": 27.5, "left": 383.8, "attrs": {} }
  ],
  "connections": [
    [ "uno:8", "bb1:4b.h", "purple", [ "v-28.8", "h173.2" ] ],
    [ "uno:5V", "bb1:21b.g", "red", [ "v38.3", "h349.4" ] ],
    [ "uno:GND.2", "bb1:bp.15", "black", [ "v19.1", "h311.1" ] ],
    [ "bb1:bp.16", "bb1:19b.g", "black", [ "v-0.9", "h-8" ] ],
    [ "uno:A0", "bb1:20b.g", "purple", [ "v28.7", "h253.4", "v-48", "h38.4" ] ],
    [ "bb1:9b.j", "bb1:bp.7", "green", [ "v0" ] ],
    [ "led2:A", "bb1:10b.h", "", [ "$bb" ] ],
    [ "led2:C", "bb1:9b.h", "", [ "$bb" ] ],
    [ "r1:1", "bb1:4b.i", "", [ "$bb" ] ],
    [ "r1:2", "bb1:10b.i", "", [ "$bb" ] ],
    [ "pot1:GND", "bb1:19b.f", "", [ "$bb" ] ],
    [ "pot1:SIG", "bb1:20b.f", "", [ "$bb" ] ],
    [ "pot1:VCC", "bb1:21b.f", "", [ "$bb" ] ]
  ],
  "dependencies": {}
}